{
  "title": "EasyClick开发文档",
  "description": "记录EasyClick开发教程和常用的函数",
  "language": "zh-hans",
  "plugins": [
    "chapter-fold",
    "code",
    "copy-code-button",
    "-lunr",
    "-search",
    "search-plus",
    "anchor-navigation-ex",
    "hide-element",
    "favicon-absolute",
    "popup"
  ],
  "pluginsConfig": {
    "hide-element": {
      "elements": [
        ".gitbook-link"
      ]
    },
    "favicon-absolute": {
      "favicon": "/zh-cn/images/ico.png",
      "appleTouchIconPrecomposed152": "/zh-cn/images/ico.png"
    },
    "anchor-navigation-ex": {
      "showLevel": true,
      "associatedWithSummary": true,
      "mode": "float"
    }
  }
}